{
	"components": {
		"examples": {},
		"headers": {},
		"parameters": {},
		"requestBodies": {},
		"responses": {},
		"schemas": {
			"IResponse": {
				"properties": {
					"message": {
						"type": "string"
					},
					"error": {},
					"data": {},
					"status": {
						"type": "number",
						"format": "double"
					}
				},
				"required": [
					"message",
					"error",
					"data",
					"status"
				],
				"type": "object",
				"additionalProperties": false
			}
		},
		"securitySchemes": {
			"Bearer": {
				"type": "apiKey",
				"name": "Authorization",
				"in": "header",
				"description": "JWT Authorization header using the Bearer scheme."
			}
		}
	},
	"info": {
		"title": "test_api",
		"version": "1.0.0",
		"description": "test_api",
		"license": {
			"name": "license"
		},
		"contact": {
			"name": "BTB"
		}
	},
	"openapi": "3.0.0",
	"paths": {
		"/api/admin/login": {
			"post": {
				"operationId": "Login",
				"responses": {
					"200": {
						"description": "Ok",
						"content": {
							"application/json": {
								"schema": {
									"$ref": "#/components/schemas/IResponse"
								}
							}
						}
					}
				},
				"description": "Get user login",
				"tags": [
					"Admin"
				],
				"security": [],
				"parameters": [],
				"requestBody": {
					"required": true,
					"content": {
						"application/json": {
							"schema": {
								"properties": {
									"password": {
										"type": "string"
									},
									"email": {
										"type": "string"
									}
								},
								"required": [
									"password",
									"email"
								],
								"type": "object"
							}
						}
					}
				}
			}
		},
		"/api/admin/sign-up": {
			"post": {
				"operationId": "Save",
				"responses": {
					"200": {
						"description": "Ok",
						"content": {
							"application/json": {
								"schema": {
									"$ref": "#/components/schemas/IResponse"
								}
							}
						}
					}
				},
				"description": "Save a user",
				"tags": [
					"Admin"
				],
				"security": [],
				"parameters": [],
				"requestBody": {
					"required": true,
					"content": {
						"application/json": {
							"schema": {
								"properties": {
									"password": {
										"type": "string"
									},
									"lastName": {
										"type": "string"
									},
									"firstName": {
										"type": "string"
									},
									"email": {
										"type": "string"
									}
								},
								"required": [
									"password",
									"lastName",
									"firstName",
									"email"
								],
								"type": "object"
							}
						}
					}
				}
			}
		},
		"/api/admin/forgotPassword": {
			"post": {
				"operationId": "ForgotPassword",
				"responses": {
					"200": {
						"description": "Ok",
						"content": {
							"application/json": {
								"schema": {
									"$ref": "#/components/schemas/IResponse"
								}
							}
						}
					}
				},
				"description": "Forgot password api endpoint",
				"tags": [
					"Admin"
				],
				"security": [],
				"parameters": [],
				"requestBody": {
					"required": true,
					"content": {
						"application/json": {
							"schema": {
								"properties": {
									"mode": {
										"type": "string"
									},
									"email": {
										"type": "string"
									}
								},
								"required": [
									"mode",
									"email"
								],
								"type": "object"
							}
						}
					}
				}
			}
		},
		"/api/admin/resetPassword": {
			"post": {
				"operationId": "ResetPassword",
				"responses": {
					"200": {
						"description": "Ok",
						"content": {
							"application/json": {
								"schema": {
									"$ref": "#/components/schemas/IResponse"
								}
							}
						}
					}
				},
				"description": "Forgot password api endpoint",
				"tags": [
					"Admin"
				],
				"security": [
					{
						"Bearer": []
					}
				],
				"parameters": [],
				"requestBody": {
					"required": true,
					"content": {
						"application/json": {
							"schema": {
								"properties": {
									"password": {
										"type": "string"
									}
								},
								"required": [
									"password"
								],
								"type": "object"
							}
						}
					}
				}
			}
		},
		"/api/admin/changePassword": {
			"post": {
				"operationId": "ChangePassword",
				"responses": {
					"200": {
						"description": "Ok",
						"content": {
							"application/json": {
								"schema": {
									"$ref": "#/components/schemas/IResponse"
								}
							}
						}
					}
				},
				"description": "Change Password endpoint",
				"tags": [
					"Admin"
				],
				"security": [
					{
						"Bearer": []
					}
				],
				"parameters": [],
				"requestBody": {
					"required": true,
					"content": {
						"application/json": {
							"schema": {
								"properties": {
									"newPassword": {
										"type": "string"
									},
									"oldPassword": {
										"type": "string"
									}
								},
								"required": [
									"newPassword",
									"oldPassword"
								],
								"type": "object"
							}
						}
					}
				}
			}
		},
		"/api/admin/me": {
			"get": {
				"operationId": "Me",
				"responses": {
					"200": {
						"description": "Ok",
						"content": {
							"application/json": {
								"schema": {
									"$ref": "#/components/schemas/IResponse"
								}
							}
						}
					}
				},
				"description": "Get user info",
				"tags": [
					"Admin"
				],
				"security": [
					{
						"Bearer": []
					}
				],
				"parameters": []
			}
		},
		"/api/admin/update": {
			"post": {
				"operationId": "Update",
				"responses": {
					"200": {
						"description": "Ok",
						"content": {
							"application/json": {
								"schema": {
									"$ref": "#/components/schemas/IResponse"
								}
							}
						}
					}
				},
				"description": "Update admin",
				"tags": [
					"Admin"
				],
				"security": [
					{
						"Bearer": []
					}
				],
				"parameters": [],
				"requestBody": {
					"required": true,
					"content": {
						"application/json": {
							"schema": {
								"properties": {
									"lastName": {
										"type": "string"
									},
									"firstName": {
										"type": "string"
									},
									"email": {
										"type": "string"
									}
								},
								"required": [
									"lastName",
									"firstName",
									"email"
								],
								"type": "object"
							}
						}
					}
				}
			}
		},
		"/api/client/save-user": {
			"post": {
				"operationId": "SaveUser",
				"responses": {
					"200": {
						"description": "Ok",
						"content": {
							"application/json": {
								"schema": {
									"$ref": "#/components/schemas/IResponse"
								}
							}
						}
					}
				},
				"description": "Save a client",
				"tags": [
					"Client"
				],
				"security": [],
				"parameters": [],
				"requestBody": {
					"required": true,
					"content": {
						"application/json": {
							"schema": {
								"properties": {
									"language": {
										"type": "string"
									},
									"phoneNumber": {
										"type": "number",
										"format": "double"
									},
									"password": {
										"type": "string"
									},
									"lastName": {
										"type": "string"
									},
									"firstName": {
										"type": "string"
									},
									"email": {
										"type": "string"
									},
									"username": {
										"type": "string"
									}
								},
								"required": [
									"language",
									"password",
									"lastName",
									"firstName",
									"email",
									"username"
								],
								"type": "object"
							}
						}
					}
				}
			}
		},
		"/api/client/generateOtp": {
			"post": {
				"operationId": "GenerateOtp",
				"responses": {
					"200": {
						"description": "Ok",
						"content": {
							"application/json": {
								"schema": {
									"$ref": "#/components/schemas/IResponse"
								}
							}
						}
					}
				},
				"description": "Generate otp for Users",
				"tags": [
					"Client"
				],
				"security": [],
				"parameters": [],
				"requestBody": {
					"required": true,
					"content": {
						"application/json": {
							"schema": {
								"properties": {
									"email": {
										"type": "string"
									}
								},
								"required": [
									"email"
								],
								"type": "object"
							}
						}
					}
				}
			}
		},
		"/api/client/verifyOtp": {
			"put": {
				"operationId": "VerifyOtp",
				"responses": {
					"200": {
						"description": "Ok",
						"content": {
							"application/json": {
								"schema": {
									"$ref": "#/components/schemas/IResponse"
								}
							}
						}
					}
				},
				"description": "Verify otp for user",
				"tags": [
					"Client"
				],
				"security": [],
				"parameters": [],
				"requestBody": {
					"required": true,
					"content": {
						"application/json": {
							"schema": {
								"properties": {
									"otp": {
										"type": "number",
										"format": "double"
									},
									"email": {
										"type": "string"
									}
								},
								"required": [
									"otp",
									"email"
								],
								"type": "object"
							}
						}
					}
				}
			}
		},
		"/api/client/login": {
			"post": {
				"operationId": "Login",
				"responses": {
					"200": {
						"description": "Ok",
						"content": {
							"application/json": {
								"schema": {
									"$ref": "#/components/schemas/IResponse"
								}
							}
						}
					}
				},
				"description": "User login",
				"tags": [
					"Client"
				],
				"security": [],
				"parameters": [],
				"requestBody": {
					"required": true,
					"content": {
						"application/json": {
							"schema": {
								"properties": {
									"password": {
										"type": "string"
									},
									"email": {
										"type": "string"
									}
								},
								"required": [
									"password",
									"email"
								],
								"type": "object"
							}
						}
					}
				}
			}
		},
		"/api/client/forgotPassword": {
			"post": {
				"operationId": "ForgotPassword",
				"responses": {
					"200": {
						"description": "Ok",
						"content": {
							"application/json": {
								"schema": {
									"$ref": "#/components/schemas/IResponse"
								}
							}
						}
					}
				},
				"description": "Client Forgot Password",
				"tags": [
					"Client"
				],
				"security": [],
				"parameters": [],
				"requestBody": {
					"required": true,
					"content": {
						"application/json": {
							"schema": {
								"properties": {
									"domain": {
										"type": "string"
									},
									"email": {
										"type": "string"
									}
								},
								"required": [
									"domain",
									"email"
								],
								"type": "object"
							}
						}
					}
				}
			}
		},
		"/api/client/verifyForgetLink": {
			"put": {
				"operationId": "VerifyForgetLink",
				"responses": {
					"200": {
						"description": "Ok",
						"content": {
							"application/json": {
								"schema": {
									"$ref": "#/components/schemas/IResponse"
								}
							}
						}
					}
				},
				"description": "verify Link",
				"tags": [
					"Client"
				],
				"security": [
					{
						"Bearer": []
					}
				],
				"parameters": [],
				"requestBody": {
					"required": true,
					"content": {
						"application/json": {
							"schema": {
								"properties": {
									"id": {
										"type": "string"
									}
								},
								"type": "object"
							}
						}
					}
				}
			}
		},
		"/api/client/resetPassword": {
			"post": {
				"operationId": "ResetPassword",
				"responses": {
					"200": {
						"description": "Ok",
						"content": {
							"application/json": {
								"schema": {
									"$ref": "#/components/schemas/IResponse"
								}
							}
						}
					}
				},
				"description": "Forgot password api endpoint",
				"tags": [
					"Client"
				],
				"security": [
					{
						"Bearer": []
					}
				],
				"parameters": [],
				"requestBody": {
					"required": true,
					"content": {
						"application/json": {
							"schema": {
								"properties": {
									"password": {
										"type": "string"
									}
								},
								"required": [
									"password"
								],
								"type": "object"
							}
						}
					}
				}
			}
		},
		"/api/client/resendOtp": {
			"put": {
				"operationId": "ResendOtp",
				"responses": {
					"200": {
						"description": "Ok",
						"content": {
							"application/json": {
								"schema": {
									"$ref": "#/components/schemas/IResponse"
								}
							}
						}
					}
				},
				"description": "Verify otp",
				"tags": [
					"Client"
				],
				"security": [],
				"parameters": [],
				"requestBody": {
					"required": true,
					"content": {
						"application/json": {
							"schema": {
								"properties": {
									"id": {
										"type": "string"
									}
								},
								"required": [
									"id"
								],
								"type": "object"
							}
						}
					}
				}
			}
		},
		"/api/client/me": {
			"get": {
				"operationId": "Me",
				"responses": {
					"200": {
						"description": "Ok",
						"content": {
							"application/json": {
								"schema": {
									"$ref": "#/components/schemas/IResponse"
								}
							}
						}
					}
				},
				"description": "Get user info",
				"tags": [
					"Client"
				],
				"security": [
					{
						"Bearer": []
					}
				],
				"parameters": []
			}
		}
	},
	"servers": [
		{
			"url": "/"
		}
	]
}